aX,aY,aZ
-0.13,-0.786,1.08
-0.353,-0.59,1.048
0.113,-0.306,0.85
0.409,-0.154,0.918
-0.272,-0.122,0.803
0.205,-0.159,0.714
0.292,0.035,0.947
0.252,-0.009,0.989
0.073,-0.077,1.054
0.078,-0.165,1.049
0.106,-0.166,1.041
0.176,-0.186,1.02
0.212,-0.172,1.011
0.272,-0.248,0.981
0.632,-0.266,0.903
0.794,-0.323,1.013
0.416,-0.401,1.023
0.424,-0.366,1.103
0.412,-0.167,1.163
0.247,0.069,0.982
0.126,0.189,0.91
0.212,0.062,0.855
0.27,0.064,0.908
0.2,-0.068,0.974
0.21,-0.113,1.043
0.207,-0.042,1.023
0.165,-0.066,0.974
0.154,-0.099,1.03
0.138,-0.052,1.04
-0.059,-0.069,1.011
-0.18,-0.099,1.031
-0.169,-0.165,1.059
-0.135,-0.123,0.993
0.108,-0.135,0.916
0.116,-0.154,0.9
0.125,-0.297,0.809
0.283,-0.257,0.752
0.402,-0.187,0.761
0.48,-0.16,0.897
0.478,-0.09,0.861
0.523,0.022,0.847
0.525,-0.054,0.885
0.517,-0.092,0.833
0.459,-0.015,0.759
0.487,0.004,0.752
0.408,0.17,0.561
0.449,0.05,0.609
0.32,0.097,0.621
0.182,0.063,0.609
0.12,-0.015,0.775
0.047,-0.006,1.013
-0.018,0.046,1.056
-0.11,0.156,1.261
-0.541,0.411,1.853
-0.692,0.418,2.024
-0.438,-0.42,1.32
-0.307,-0.447,1.025
-0.145,-0.248,1.024
0.031,0.14,1.104
0.177,0.351,1.098
0.201,0.4,1.011
0.168,0.365,0.885
0.093,0.432,0.772
0.099,0.386,0.833
0.026,0.269,0.794
0.062,0.064,1.095
0.001,-0.039,1.131
-0.092,-0.002,1.12
-0.071,0.043,1.209
0.028,0.094,1.229
0.046,0.076,1.19
0.059,0.037,1.098
0.062,-0.016,0.899
0.112,-0.018,0.839
0.191,-0.001,0.899
0.196,0.069,0.923
0.267,0.022,0.849
0.276,0.055,0.895
0.195,0.045,0.997
0.037,0.053,1.128
-0.074,-0.018,1.065
-0.046,-0.067,0.985
0.022,-0.089,0.94
0.042,-0.078,0.929
0.06,-0.142,0.931
0.101,-0.181,0.888
0.118,-0.27,0.909
0.103,-0.33,1.043
0.118,-0.33,0.996
0.137,-0.341,1.019
0.103,-0.23,0.882
0.119,-0.152,1.02
0.164,-0.065,1.102
0.131,0.019,0.8
0.131,0.032,0.875
0.148,0.073,1.004
0.276,-0.051,1.145
0.297,-0.206,1.06
0.238,-0.417,0.974
0.138,-0.514,0.898
0.108,-0.5,0.879
0.116,-0.434,0.872
0.125,-0.331,0.892
0.134,-0.259,0.902
0.149,-0.183,0.969
0.135,-0.134,1.034
0.129,-0.127,1.04
0.11,-0.129,1.032
0.037,-0.105,0.927
-0.029,0.022,0.671
-0.117,0.068,0.927
-0.063,0.072,0.949
0.131,-0.007,1.066
0.208,-0.1,1.091
0.222,-0.224,1.078
0.207,-0.39,1.039
0.177,-0.42,1.024
0.168,-0.365,1.023
0.16,-0.316,1.032
0.434,-0.833,0.737
0.398,-0.785,0.711
0.215,-0.709,0.628
0.183,-0.577,0.496
0.232,-0.51,0.334
0.224,-0.41,0.233
0.238,-0.496,0.073
0.269,-0.545,0.031
0.315,-0.681,0.028
0.422,-0.818,0.194
0.579,-0.886,0.307
0.604,-0.891,0.271
0.556,-0.891,0.128
0.556,-0.881,0.083
0.513,-0.855,0.007
0.478,-0.843,-0.02
0.459,-0.843,-0.034
0.456,-0.829,-0.051
0.491,-0.826,-0.028
0.504,-0.819,0.018
0.513,-0.794,0.055
0.505,-0.764,0.085
0.501,-0.715,0.132
0.52,-0.636,0.188
0.534,-0.617,0.151
0.526,-0.632,0.089
0.529,-0.67,0.022
0.527,-0.723,0.003
0.507,-0.728,-0.034
0.529,-0.718,-0.086
0.573,-0.721,-0.143
0.581,-0.723,-0.22
0.484,-0.719,-0.256
0.451,-0.667,-0.244
0.43,-0.643,-0.23
0.447,-0.602,-0.358
0.447,-0.574,-0.455
0.348,-0.591,-0.444
0.301,-0.612,-0.405
0.35,-0.668,-0.371
0.397,-0.725,-0.365
0.392,-0.8,-0.34
0.508,-0.905,-0.27
0.596,-0.969,-0.239
0.623,-0.985,-0.242
0.62,-0.942,-0.241
0.636,-0.889,-0.306
0.564,-0.758,-0.475
0.445,-0.627,-0.652
0.359,-0.521,-0.833
0.372,-0.495,-0.872
0.385,-0.5,-0.861
0.437,-0.532,-0.852
0.511,-0.592,-0.891
0.589,-0.71,-0.854
0.593,-0.804,-0.759
0.604,-0.919,-0.668
0.659,-0.95,-0.584
0.662,-0.962,-0.439
0.627,-0.964,-0.327
0.587,-0.945,-0.301
0.505,-0.928,-0.378
0.347,-0.925,-0.445
0.408,-0.849,-0.481
0.391,-0.812,-0.542
0.358,-0.796,-0.616
0.286,-0.785,-0.642
0.332,-0.767,-0.577
0.344,-0.756,-0.601
0.331,-0.78,-0.608
0.378,-0.853,-0.588
0.368,-0.895,-0.572
0.366,-0.942,-0.551
0.402,-0.954,-0.432
0.432,-0.963,-0.36
0.413,-0.952,-0.374
0.328,-0.896,-0.427
0.289,-0.84,-0.465
0.275,-0.825,-0.475
0.273,-0.811,-0.49
0.289,-0.801,-0.517
0.324,-0.795,-0.547
0.366,-0.802,-0.631
0.396,-0.838,-0.686
0.41,-0.855,-0.688
0.429,-0.867,-0.672
0.462,-0.877,-0.641
0.507,-0.91,-0.593
0.532,-0.922,-0.544
0.551,-0.934,-0.472
0.513,-0.93,-0.451
0.474,-0.908,-0.419
0.415,-0.862,-0.392
0.366,-0.797,-0.392
0.302,-0.759,-0.335
0.294,-0.732,-0.284
0.337,-0.729,-0.227
0.409,-0.741,-0.197
0.452,-0.755,-0.189
0.549,-0.805,-0.208
0.633,-0.867,-0.284
0.697,-0.95,-0.368
0.678,-0.992,-0.387
0.651,-0.982,-0.374
0.611,-0.935,-0.346
0.561,-0.87,-0.312
0.495,-0.783,-0.226
0.398,-0.685,-0.149
0.352,-0.643,0.005
0.295,-0.6,0.12
0.257,-0.596,0.303
0.239,-0.594,0.417
0.276,-0.601,0.529
0.315,-0.626,0.577
0.349,-0.659,0.594
0.467,-0.715,0.54
0.568,-0.82,0.466
0.565,-0.87,0.398
0.528,-0.869,0.381
0.129,-0.651,1.269
0.194,-0.773,1.257
0.163,-0.795,1.189
0.157,-0.785,1.106
0.119,-0.708,1.045
0.074,-0.62,0.991
0.038,-0.549,0.938
-0.02,-0.505,0.932
-0.044,-0.471,0.954
-0.052,-0.463,0.954
-0.069,-0.47,0.949
-0.07,-0.485,0.946
-0.07,-0.492,0.953
-0.059,-0.499,0.96
-0.037,-0.519,0.963
0.024,-0.567,0.952
0.068,-0.592,0.934
0.096,-0.611,0.889
0.069,-0.572,0.833
0.037,-0.536,0.731
0.038,-0.509,0.755
0.035,-0.482,0.736
0.047,-0.456,0.748
0.053,-0.452,0.755
0.04,-0.446,0.763
0.035,-0.442,0.776
0.034,-0.452,0.787
0.036,-0.467,0.784
0.031,-0.488,0.785
0.022,-0.504,0.793
0.021,-0.517,0.803
0.028,-0.539,0.841
0.048,-0.563,0.869
0.057,-0.569,0.904
0.06,-0.561,0.923
0.063,-0.543,0.941
0.064,-0.529,0.949
0.059,-0.51,0.94
0.042,-0.479,0.926
0.039,-0.465,0.922
0.036,-0.473,0.922
0.045,-0.506,0.914
0.054,-0.537,0.913
0.061,-0.568,0.916
0.055,-0.566,0.913
0.035,-0.543,0.9
0.035,-0.522,0.882
0.035,-0.513,0.881
0.036,-0.511,0.882
0.034,-0.514,0.88
0.031,-0.516,0.874
0.031,-0.521,0.872
0.033,-0.519,0.872
0.034,-0.522,0.869
0.037,-0.527,0.865
0.031,-0.529,0.862
0.023,-0.529,0.847
0.012,-0.513,0.84
-0.002,-0.491,0.84
-0.004,-0.484,0.855
-0.028,-0.485,0.895
-0.055,-0.491,0.938
-0.02,-0.478,0.957
0.048,-0.458,0.957
0.069,-0.452,0.939
0.052,-0.45,0.913
0.014,-0.454,0.892
-0.023,-0.456,0.874
-0.045,-0.458,0.864
-0.053,-0.463,0.87
-0.038,-0.474,0.877
-0.03,-0.478,0.874
-0.019,-0.487,0.873
-0.013,-0.621,0.874
-0.002,-0.516,0.889
0.006,-0.521,0.903
0.015,-0.518,0.913
0.032,-0.499,0.901
0.043,-0.485,0.888
0.037,-0.479,0.89
0.026,-0.48,0.874
0.006,-0.488,0.853
-0.011,-0.494,0.849
-0.016,-0.486,0.873
-0.01,-0.478,0.888
-0.008,-0.484,0.892
-0.011,-0.495,0.892
-0.014,-0.504,0.895
-0.009,-0.51,0.898
0.001,-0.51,0.911
0.006,-0.5,0.932
0.008,-0.487,0.922
0.007,-0.474,0.907
0.011,-0.479,0.883
0.011,-0.487,0.877
0.002,-0.488,0.87
-0.007,-0.485,0.862
-0.008,-0.484,0.865
-0.007,-0.486,0.88
-0.017,-0.485,0.896
-0.035,-0.46,0.897
-0.041,-0.447,0.899
-0.05,-0.448,0.881
-0.058,-0.485,0.854
-0.057,-0.499,0.845
-0.051,-0.504,0.852
-0.027,-0.509,0.865
-0.015,-0.502,0.893
-0.011,-0.491,0.9
-0.007,-0.487,0.905
0.01,-0.492,0.913
0.014,-0.491,0.916
0.014,-0.489,0.915
0.011,-0.488,0.905
0.004,-0.484,0.896
-0.012,-0.48,0.887
-0.022,-0.478,0.887
-0.036,-0.48,0.886
-0.053,-0.474,0.87
0.465,-0.752,0.785
0.193,-0.556,0.788
0.074,-0.486,0.578
0.036,-0.546,0.563
0.094,-0.614,0.613
0.175,-0.681,0.6
0.209,-0.687,0.497
0.244,-0.705,0.431
0.276,-0.804,0.446
0.302,-0.874,0.45
0.339,-0.874,0.421
0.344,-0.874,0.367
0.405,-0.854,0.283
0.294,-0.814,0.179
0.243,-0.744,-0.093
0.192,-0.712,-0.326
0.444,-0.773,-0.336
0.393,-0.869,-0.241
0.453,-0.923,-0.157
0.36,-0.928,-0.086
0.304,-0.9,0.008
0.297,-0.875,-0.028
0.326,-0.874,-0.112
0.285,-0.939,-0.186
0.25,-0.95,-0.245
0.325,-0.967,-0.229
0.381,-1.032,-0.186
0.419,-1.063,-0.186
0.432,-1.085,-0.158
0.451,-1.068,-0.142
0.454,-1.069,-0.145
0.447,-1.081,-0.171
0.445,-1.096,-0.164
0.452,-1.108,-0.155
0.454,-1.114,-0.137
0.443,-1.09,-0.123
0.427,-1.079,-0.105
0.442,-1.041,-0.105
0.47,-1.036,-0.135
0.461,-1.041,-0.148
0.448,-1.031,-0.125
0.446,-1.009,-0.064
0.449,-0.989,-0.046
0.476,-0.989,-0.007
0.485,-1.009,0.023
0.483,-1.036,0.05
0.476,-1.044,0.099
0.466,-1.017,0.109
0.459,-0.979,0.076
0.436,-0.978,-0.005
0.39,-0.988,-0.041
0.382,-0.993,-0.054
0.392,-0.996,-0.041
0.412,-0.996,-0.022
0.419,-0.99,-0.02
0.419,-0.986,-0.024
0.41,-0.978,-0.049
0.4,-0.964,-0.062
0.385,-0.958,-0.06
0.387,-0.956,-0.032
0.391,-0.962,0.019
0.392,-0.964,0.051
0.42,-0.967,0.057
0.476,-0.985,0.029
0.483,-1.002,-0.01
0.469,-0.996,-0.025
0.463,-0.96,-0.033
0.46,-0.946,0.012
0.447,-0.944,0.069
0.439,-0.937,0.125
0.412,-0.929,0.177
0.403,-0.915,0.225
0.366,-0.894,0.277
0.331,-0.861,0.35
0.287,-0.791,0.386
0.216,-0.744,0.416
0.166,-0.695,0.419
0.19,-0.691,0.408
0.307,-0.725,0.324
0.382,-0.761,0.196
0.41,-0.821,0.143
0.393,-0.852,0.142
0.377,-0.828,0.182
0.355,-0.777,0.279
0.321,-0.713,0.356
0.302,-0.691,0.493
0.273,-0.673,0.575
0.244,-0.651,0.63
0.205,-0.619,0.665
0.163,-0.577,0.679
0.143,-0.567,0.691
0.13,-0.552,0.696
0.125,-0.544,0.669
0.154,-0.552,0.628
0.211,-0.556,0.576
0.221,-0.521,0.555
0.186,-0.488,0.492
0.115,-0.444,0.464
0.044,-0.43,0.486
-0.051,-0.404,0.546
-0.042,-0.359,0.763
-0.059,-0.283,0.81
-0.107,-0.21,0.958
-0.007,-0.211,1.19
-0.086,-0.192,1.135
-0.152,-0.167,1.058
-0.108,-0.15,1.081
-0.117,-0.251,1.091
-0.077,-0.308,1.133
0.019,-0.308,1.148
0.206,-0.344,1.098
0.255,-0.379,1.049
0.264,-0.378,0.995
0.234,-0.386,0.917
0.083,-0.258,0.889
0.135,-0.24,0.935
0.082,-0.18,0.938
-0.001,-0.176,0.986
-0.081,-0.177,1.113
-0.28,-0.729,1.555
-0.499,-0.854,1.97
-0.391,-0.734,2.012
-0.118,-0.29,1.816
0.193,0.02,1.549
0.387,0.052,1.194
0.333,0.017,0.908
0.096,-0.057,0.768
-0.118,-0.095,0.778
-0.263,-0.218,0.765
-0.267,-0.282,0.703
-0.173,-0.315,0.702
-0.1,-0.32,0.749
0.021,-0.335,0.829
0.111,-0.356,0.854
0.122,-0.39,0.864
0.11,-0.41,0.867
0.104,-0.431,0.886
0.103,-0.465,0.914
0.007,-0.529,1.132
-0.04,-0.527,1.24
0.005,-0.44,1.222
0.1,-0.389,1.155
0.195,-0.278,1.123
0.252,-0.176,1.044
0.215,-0.144,0.994
0.132,-0.191,0.891
0.045,-0.246,0.836
-0.053,-0.329,0.814
-0.079,-0.397,0.851
-0.058,-0.446,0.919
-0.002,-0.468,0.964
0.041,-0.484,0.976
0.056,-0.466,0.971
0.056,-0.44,0.961
0.055,-0.397,0.944
0.051,-0.375,0.929
0.05,-0.353,0.919
0.046,-0.346,0.909
0.041,-0.345,0.903
0.04,-0.353,0.904
0.039,-0.359,0.905
0.036,-0.377,0.908
0.04,-0.382,0.911
0.043,-0.381,0.921
0.042,-0.379,0.947
0.043,-0.385,0.963
0.046,-0.386,0.981
0.057,-0.386,0.985
0.055,-0.383,0.978
0.051,-0.385,0.977
0.051,-0.39,0.987
0.068,-0.396,0.99
0.078,-0.398,0.957
0.081,-0.402,0.933
0.084,-0.397,0.9
0.084,-0.396,0.882
0.08,-0.396,0.869
0.075,-0.389,0.858
0.056,-0.382,0.862
0.034,-0.252,0.868
0.018,-0.365,0.879
0.01,-0.366,0.892
0.004,-0.366,0.896
0.006,-0.38,0.917
0.008,-0.39,0.938
0.006,-0.396,0.956
0.005,-0.391,0.97
0.003,-0.388,0.972
0.011,-0.386,0.97
0.025,-0.388,0.966
0.034,-0.4,0.967
0.05,-0.4,0.966
0.056,-0.396,0.964
0.059,-0.383,0.95
0.066,-0.373,0.933
0.072,-0.37,0.911
0.072,-0.374,0.906
0.071,-0.381,0.902
0.072,-0.395,0.89
0.07,-0.407,0.879
0.072,-0.419,0.876
0.08,-0.433,0.885
0.083,-0.443,0.904
0.084,-0.434,0.929
0.085,-0.416,0.95
0.076,-0.386,0.958
0.06,-0.369,0.951
0.047,-0.362,0.941
0.034,-0.361,0.924
0.032,-0.379,0.923
0.033,-0.396,0.922
0.038,-0.405,0.926
0.037,-0.407,0.941
0.037,-0.393,0.953
0.04,-0.366,0.968
0.046,-0.353,0.969
0.055,-0.354,0.955
0.062,-0.364,0.922
0.073,-0.373,0.908
0.08,-0.384,0.883
0.089,-0.393,0.881
0.094,-0.397,0.886
0.097,-0.404,0.889
0.095,-0.404,0.898
0.088,-0.407,0.905
0.079,-0.414,0.921
0.063,-0.429,0.939
0.06,-0.435,0.955
0.061,-0.428,0.956
0.063,-0.416,0.964
0.061,-0.401,0.957
0.058,-0.397,0.936
0.056,-0.4,0.919
0.056,-0.406,0.904
0.058,-0.411,0.898
0.066,-0.418,0.89
0.069,-0.425,0.893
0.067,-0.421,0.902
0.085,-0.928,1.139
0.107,-0.863,1.161
0.049,-0.738,0.965
-0.043,-0.636,0.684
-0.108,-0.637,0.517
-0.09,-0.66,0.508
-0.06,-0.684,0.588
0.003,-0.713,0.736
0.033,-0.727,0.785
0.055,-0.747,0.798
0.049,-0.737,0.78
0.008,-0.701,0.726
-0.017,-0.676,0.681
-0.025,-0.67,0.65
-0.026,-0.679,0.649
-0.036,-0.675,0.663
-0.041,-0.678,0.657
-0.047,-0.681,0.648
-0.063,-0.675,0.643
-0.094,-0.668,0.639
-0.103,-0.665,0.647
-0.098,-0.671,0.661
-0.092,-0.688,0.689
-0.1,-0.706,0.706
-0.103,-0.732,0.742
-0.093,-0.785,0.838
-0.058,-0.792,0.869
-0.046,-0.777,0.858
-0.056,-0.754,0.846
-0.061,-0.741,0.82
-0.096,-0.727,0.649
-0.118,-0.723,0.695
-0.119,-0.732,0.68
-0.112,-0.742,0.707
-0.094,-0.745,0.743
-0.079,-0.743,0.759
-0.068,-0.742,0.796
-0.053,-0.749,0.819
-0.048,-0.763,0.853
-0.05,-0.758,0.878
-0.053,-0.743,0.909
-0.062,-0.696,0.918
-0.08,-0.669,0.909
-0.094,-0.669,0.878
-0.099,-0.671,0.853
-0.105,-0.662,0.844
-0.122,-0.629,0.834
-0.129,-0.598,0.811
-0.131,-0.587,0.77
-0.118,-0.595,0.749
-0.103,-0.603,0.712
-0.092,-0.613,0.696
-0.092,-0.613,0.693
-0.093,-0.604,0.702
-0.091,-0.595,0.712
-0.081,-0.59,0.736
-0.07,-0.585,0.753
-0.065,-0.595,0.771
-0.057,-0.601,0.798
-0.054,-0.613,0.811
-0.054,-0.616,0.837
-0.053,-0.616,0.859
-0.054,-0.602,0.871
-0.066,-0.585,0.866
-0.076,-0.571,0.838
-0.074,-0.573,0.812
-0.077,-0.572,0.801
-0.085,-0.559,0.805
-0.111,-0.522,0.81
-0.123,-0.517,0.793
-0.114,-0.533,0.795
-0.092,-0.549,0.817
-0.081,-0.562,0.832
-0.077,-0.574,0.835
-0.08,-0.573,0.833
-0.084,-0.577,0.817
-0.061,-0.591,0.806
-0.025,-0.622,0.803
-0.02,-0.628,0.802
-0.029,-0.624,0.789
-0.04,-0.625,0.777
-0.042,-0.621,0.777
-0.05,-0.615,0.783
-0.058,-0.609,0.793
-0.066,-0.612,0.807
-0.069,-0.613,0.805
-0.077,-0.609,0.8
-0.074,-0.603,0.789
-0.078,-0.593,0.792
-0.08,-0.585,0.797
-0.085,-0.581,0.806
-0.083,-0.566,0.816
-0.08,-0.559,0.818
-0.071,-0.587,0.807
-0.05,-0.622,0.807
-0.027,-0.651,0.821
-0.024,-0.641,0.821
-0.041,-0.612,0.823
-0.063,-0.595,0.815
-0.074,-0.593,0.804
-0.085,-0.6,0.782
-0.094,-0.618,0.778
-0.096,-0.62,0.797
-0.091,-0.633,0.806
-0.074,-0.664,0.825
-0.075,-0.671,0.849
-0.091,-0.659,0.863
-0.112,-0.629,0.86
-0.098,-0.639,0.852
-0.088,-0.641,0.827
-0.085,-0.62,0.844
-0.098,-0.572,0.865
-0.104,-0.564,0.854
-0.099,-0.583,0.833
-0.084,-0.588,0.823
-0.079,-0.582,0.817
-0.075,-0.578,0.817
-0.076,-0.58,0.815
-0.073,-0.588,0.794
0.486,-1.443,-0.41
0.494,-1.397,-0.465
0.403,-1.245,-0.511
0.305,-1.104,-0.623
0.14,-1.022,-0.791
-0.061,-0.886,-0.884
-0.1,-0.659,-0.941
-0.073,-0.435,-0.838
0.086,-0.39,-0.743
0.03,-0.371,-0.713
-0.067,-0.444,-0.765
0.08,-0.478,-0.777
0.136,-0.491,-0.708
0.258,-0.538,-0.65
0.247,-0.621,-0.749
0.178,-0.712,-0.887
0.281,-0.773,-0.844
0.302,-0.889,-0.79
0.282,-0.978,-0.796
0.291,-1.107,-0.907
0.327,-1.229,-0.894
0.335,-1.274,-0.882
0.34,-1.278,-0.854
0.374,-1.297,-0.786
0.425,-1.323,-0.726
0.462,-1.297,-0.673
0.467,-1.211,-0.64
0.434,-1.164,-0.606
0.402,-1.083,-0.579
0.387,-1.028,-0.571
0.388,-0.98,-0.582
0.255,-0.942,-0.622
0.346,-0.913,-0.675
0.312,-0.901,-0.666
0.303,-0.887,-0.64
0.3,-0.87,-0.606
0.305,-0.86,-0.574
0.308,-0.857,-0.545
0.329,-0.893,-0.528
0.362,-0.94,-0.51
0.381,-0.978,-0.505
0.376,-0.977,-0.527
0.349,-0.967,-0.528
0.334,-0.936,-0.485
0.323,-0.897,-0.447
0.306,-0.836,-0.427
0.257,-0.752,-0.43
0.222,-0.694,-0.435
0.212,-0.694,-0.409
0.23,-0.721,-0.371
0.26,-0.756,-0.366
0.284,-0.784,-0.375
0.296,-0.836,-0.421
0.299,-0.869,-0.447
0.296,-0.899,-0.455
0.295,-0.921,-0.458
0.318,-0.957,-0.406
0.382,-1.011,-0.336
0.415,-1.031,-0.189
0.434,-0.97,-0.078
0.428,-0.841,-0.031
0.36,-0.787,-0.065
0.3,-0.751,-0.11
0.243,-0.762,-0.113
0.24,-0.79,-0.116
0.236,-0.822,-0.122
0.217,-0.83,-0.12
0.196,-0.825,-0.114
0.18,-0.829,-0.103
0.169,-0.847,-0.087
0.163,-0.876,-0.035
0.166,-0.908,-0.02
0.15,-0.909,-0.003
0.188,-0.921,0.037
0.216,-0.951,0.097
0.259,-0.962,0.165
0.286,-0.972,0.202
0.291,-0.946,0.27
0.287,-0.897,0.318
0.237,-0.855,0.321
0.161,-0.732,0.294
0.098,-0.597,0.273
0.076,-0.513,0.226
0.058,-0.498,0.179
0.07,-0.53,0.125
0.007,-0.573,0.117
-0.025,-0.579,0.147
0.013,-0.606,0.183
0.072,-0.621,0.252
0.101,-0.688,0.365
0.114,-0.681,0.582
0.095,-0.613,0.676
0.157,-0.45,0.715
-0.009,-0.43,0.735
-0.075,-0.373,0.806
-0.117,-0.31,0.935
-0.072,-0.192,0.998
0.06,-0.095,1.009
-0.049,-0.256,0.954
-0.111,-0.292,0.799
-0.136,-0.32,0.687
-0.094,-0.364,0.737
0.008,-0.4,0.94
0.024,-0.387,1.03
0.017,-0.317,1.215
-0.061,-0.252,1.25
-0.021,0.01,1.795
-0.084,-0.034,1.626
-0.277,0.126,1.582
-0.342,0.085,1.405
-0.358,0.136,1.293
-0.331,0.234,1.238
-0.286,0.266,1.17
-0.198,0.217,1.121
-0.128,0.105,0.989
-0.08,-0.088,0.917
-0.023,-0.205,0.889
0.005,-0.435,0.762
0.016,-0.401,0.824
-0.14,-0.668,1.635
-0.04,-0.604,1.711
0.134,-0.387,1.483
0.364,-0.043,1.124
0.41,0.053,0.905
0.379,-0.1,0.845
0.303,-0.051,0.799
0.186,-0.21,0.784
0.122,-0.39,0.778
0.004,-0.454,0.804
-0.081,-0.539,0.816
-0.106,-0.573,0.855
-0.031,-0.526,0.906
0.007,-0.496,0.913
0.024,-0.484,0.917
0.025,-0.469,0.918
0.02,-0.464,0.93
0.009,-0.454,0.935
-0.014,-0.428,0.936
-0.031,-0.389,0.89
-0.055,-0.331,0.852
-0.077,-0.299,0.831
-0.073,-0.297,0.832
-0.064,-0.31,0.829
-0.046,-0.322,0.836
-0.002,-0.355,0.836
0.056,-0.387,0.864
0.117,-0.392,0.962
0.106,-0.384,0.97
0.065,-0.359,0.953
0.02,-0.334,0.955
-0.001,-0.301,0.992
-0.029,-0.294,1.03
-0.012,-0.298,1.033
0.02,-0.325,1.012
0.035,-0.353,1.01
0.09,-0.378,1.026
0.101,-0.387,1.032
0.105,-0.385,1.004
0.084,-0.364,0.97
0.028,-0.351,0.92
0.005,-0.36,0.9
0.009,-0.366,0.89
0.034,-0.369,0.885
0.065,-0.373,0.874
0.104,-0.398,0.856
0.127,-0.403,0.854
0.162,-0.409,0.879
0.164,-0.414,0.889
0.109,-0.404,0.917
0.065,-0.419,0.962
0.043,-0.425,0.994
0.073,-0.444,1.028
0.097,-0.448,1.034
0.105,-0.437,1.012
0.081,-0.388,0.932
0.069,-0.361,0.838
0.078,-0.38,0.781
0.088,-0.414,0.753
0.095,-0.419,0.778
0.091,-0.414,0.821
0.079,-0.395,0.866
0.071,-0.374,0.909
0.057,-0.356,0.953
0.049,-0.333,0.988
0.038,-0.308,1.024
0.04,-0.302,1.063
0.047,-0.31,1.086
0.062,-0.316,1.1
0.08,-0.332,1.087
0.086,-0.346,1.075
0.081,-0.35,1.04
0.073,-0.362,0.985
0.061,-0.363,0.912
0.061,-0.362,0.752
0.083,-0.382,0.798
0.109,-0.404,0.787
0.137,-0.424,0.827
0.138,-0.421,0.89
0.12,-0.423,0.91
0.102,-0.424,0.924
0.091,-0.415,0.945
0.092,-0.401,0.973
0.095,-0.392,0.992
0.116,-0.383,1.012
0.121,-0.366,1.021
0.123,-0.355,1.013
0.114,-0.345,0.994
0.088,-0.335,0.981
0.072,-0.334,0.951
0.059,-0.335,0.932
0.056,-0.331,0.923
0.065,-0.327,0.895
0.075,-0.329,0.871
0.091,-0.337,0.865
0.096,-0.352,0.87
0.092,-0.356,0.891
0.078,-0.369,0.926
0.062,-0.387,0.941
0.064,-0.403,0.943
0.077,-0.418,0.954
0.103,-0.425,0.965
0.108,-0.421,0.977
0.118,-0.417,0.982
0.12,-0.395,0.976
0.108,-0.372,0.968
0.105,-0.354,0.941
0.104,-0.349,0.916
0.106,-0.355,0.907
0.13,-0.366,0.904
0.144,-0.375,0.904
0.147,-0.382,0.902
0.138,-0.395,0.899
0.125,-0.403,0.901
0.101,-0.401,0.911
0.082,-0.386,0.926
0.066,-0.373,0.937
0.045,-0.354,0.943
0.046,-0.34,0.944
0.364,-0.931,0.791
0.37,-0.943,0.742
0.349,-0.916,0.694
0.3,-0.825,0.655
0.22,-0.748,0.525
0.181,-0.71,0.379
0.115,-0.703,0.285
0.089,-0.693,0.248
0.084,-0.684,0.175
0.09,-0.681,0.099
0.109,-0.688,0.072
0.124,-0.707,0.068
0.162,-0.707,0.111
0.214,-0.69,0.136
0.271,-0.716,0.182
0.481,-0.793,0.277
0.701,-1.011,0.474
0.806,-1.17,0.606
0.842,-1.193,0.526
0.866,-1.115,0.464
0.882,-1.029,0.393
0.829,-0.976,0.273
0.614,-0.89,0.104
0.479,-0.798,-0.066
0.28,-0.668,-0.242
0.126,-0.555,-0.347
0.05,-0.474,-0.285
0.052,-0.418,-0.232
0.098,-0.398,-0.128
0.135,-0.454,-0.056
0.224,-0.515,-0.021
0.325,-0.696,0.024
0.437,-0.859,0.09
0.503,-0.929,0.127
0.556,-0.95,0.116
0.57,-0.982,0.065
0.569,-1.036,0.09
0.571,-1.041,0.131
0.525,-0.962,0.045
0.421,-0.757,-0.298
0.212,-0.719,-0.543
0.091,-0.59,-0.761
0.023,-0.42,-0.807
0.204,-0.252,-0.822
0.13,-0.28,-0.833
0.208,-0.375,-0.816
0.32,-0.649,-0.625
0.583,-0.83,-0.378
0.674,-0.938,-0.224
0.632,-0.896,-0.48
0.529,-0.764,-0.691
0.4,-0.651,-0.872
0.336,-0.536,-0.982
0.253,-0.381,-0.984
0.265,-0.457,-0.915
0.29,-0.477,-0.882
0.32,-0.515,-0.908
0.357,-0.564,-0.943
0.372,-0.605,-0.972
0.351,-0.592,-1.006
0.378,-0.633,-0.985
0.442,-0.796,-0.849
0.495,-0.875,-0.752
0.433,-0.84,-0.81
0.309,-0.75,-0.887
0.237,-0.605,-0.932
0.245,-0.539,-0.888
0.244,-0.503,-0.914
0.273,-0.533,-0.924
0.315,-0.585,-0.883
0.377,-0.598,-0.82
0.415,-0.603,-0.804
0.451,-0.643,-0.818
0.473,-0.713,-0.836
0.52,-0.775,-0.803
0.536,-0.81,-0.77
0.521,-0.798,-0.791
0.467,-0.769,-0.824
0.402,-0.701,-0.83
0.352,-0.638,-0.832
0.327,-0.632,-0.832
0.303,-0.628,-0.82
0.302,-0.61,-0.775
0.321,-0.603,-0.732
0.35,-0.605,-0.721
0.378,-0.618,-0.727
0.4,-0.651,-0.773
0.416,-0.696,-0.79
0.416,-0.727,-0.819
0.406,-0.721,-0.844
0.42,-0.691,-0.877
0.416,-0.677,-0.9
0.406,-0.68,-0.9
0.406,-0.7,-0.86
0.428,-0.714,-0.773
0.448,-0.719,-0.724
0.446,-0.729,-0.704
0.422,-0.736,-0.714
0.37,-0.707,-0.722
0.33,-0.669,-0.723
0.267,-0.608,-0.709
0.228,-0.551,-0.671
0.233,-0.532,-0.679
0.246,-0.537,-0.725
0.284,-0.585,-0.803
0.311,-0.738,-0.883
0.317,-0.7,-0.911
0.361,-0.716,-0.79
0.41,-0.697,-0.677
0.471,-0.724,-0.523
0.525,-0.751,-0.385
0.547,-0.752,-0.359
0.521,-0.747,-0.385
0.484,-0.719,-0.406
0.459,-0.689,-0.45
0.436,-0.712,-0.473
0.435,-0.765,-0.463
0.443,-0.793,-0.453
0.42,-0.786,-0.433
0.134,-0.477,1.472
0.169,-0.277,1.623
0.132,-0.442,1.542
0.037,-0.599,1.464
-0.008,-0.622,1.377
-0.039,-0.616,1.324
-0.053,-0.569,1.256
-0.061,-0.498,1.123
-0.064,-0.465,0.928
-0.096,-0.421,0.721
-0.158,-0.483,0.577
-0.214,-0.509,0.667
-0.244,-0.532,0.826
-0.189,-0.508,1.014
-0.113,-0.476,1.276
-0.046,-0.464,1.339
0.006,-0.488,1.414
0.038,-0.577,1.398
0.046,-0.643,1.292
0.017,-0.693,1.203
-0.017,-0.666,1.072
-0.053,-0.61,1.032
-0.081,-0.547,0.915
-0.089,-0.528,0.826
-0.077,-0.55,0.779
-0.06,-0.571,0.74
-0.03,-0.622,0.726
-0.001,-0.671,0.681
0.016,-0.71,0.673
0.019,-0.728,0.688
0.018,-0.713,0.731
0.01,-0.685,0.798
0.003,-0.64,0.827
-0.005,-0.621,0.846
-0.021,-0.606,0.854
-0.03,-0.597,0.851
-0.042,-0.595,0.846
-0.047,-0.595,0.841
-0.052,-0.595,0.836
-0.056,-0.597,0.837
-0.077,-0.598,0.852
-0.095,-0.566,0.885
-0.103,-0.531,0.878
-0.119,-0.52,0.837
-0.118,-0.513,0.775
-0.098,-0.54,0.734
-0.089,-0.585,0.718
-0.099,-0.598,0.74
-0.092,-0.598,0.787
-0.051,-0.595,0.836
-0.035,-0.59,0.869
-0.023,-0.579,0.862
-0.026,-0.593,0.833
-0.028,-0.607,0.822
-0.031,-0.622,0.818
-0.035,-0.617,0.816
-0.041,-0.598,0.815
-0.05,-0.557,0.818
-0.049,-0.54,0.814
-0.036,-0.539,0.803
-0.028,-0.566,0.786
-0.027,-0.581,0.786
-0.03,-0.587,0.794
-0.031,-0.581,0.811
-0.028,-0.576,0.829
-0.022,-0.561,0.844
-0.021,-0.548,0.846
-0.021,-0.55,0.845
-0.019,-0.559,0.846
-0.017,-0.57,0.849
-0.015,-0.58,0.848
-0.021,-0.583,0.846
-0.031,-0.58,0.848
-0.036,-0.571,0.851
-0.039,-0.561,0.856
-0.047,-0.543,0.852
-0.06,-0.536,0.818
-0.068,-0.541,0.788
-0.059,-0.546,0.772
-0.05,-0.564,0.772
-0.043,-0.569,0.789
-0.037,-0.569,0.824
-0.05,-0.565,0.865
-0.079,-0.571,0.944
-0.063,-0.574,0.977
-0.034,-0.559,0.982
-0.034,-0.562,0.965
-0.05,-0.566,0.929
-0.076,-0.568,0.865
-0.085,-0.556,0.815
-0.081,-0.548,0.807
-0.075,-0.544,0.805
-0.064,-0.535,0.804
-0.059,-0.534,0.801
-0.06,-0.541,0.814
-0.063,-0.545,0.842
-0.046,-0.544,0.863
-0.036,-0.545,0.863
-0.033,-0.55,0.854
-0.035,-0.558,0.835
-0.053,-0.561,0.832
-0.06,-0.559,0.838
-0.066,-0.551,0.851
-0.07,-0.542,0.863
-0.069,-0.537,0.871
-0.063,-0.535,0.875
-0.059,-0.542,0.873
-0.055,-0.556,0.864
-0.053,-0.558,0.859
-0.053,-0.551,0.835
-0.056,-0.543,0.815
-0.06,-0.539,0.796
-0.061,-0.541,0.797
-0.06,-0.543,0.806
-0.056,-0.545,0.814
-0.058,-0.556,0.841
-0.056,-0.562,0.849
-0.056,-0.566,0.842
-0.053,-0.573,0.839
0.415,-0.862,-0.829
0.354,-0.752,-0.852
0.256,-0.836,-0.83
0.138,-0.748,-0.805
0.084,-0.596,-0.76
-0.021,-0.533,-0.76
-0.06,-0.535,-0.804
-0.167,-0.52,-0.741
0.302,-0.109,-0.612
0.335,-0.078,-0.659
0.453,0.049,-0.602
0.389,-0.142,-0.786
0.133,-0.261,-0.909
0.098,-0.373,-0.936
0.109,-0.449,-0.976
0.262,-0.553,-0.925
0.368,-0.685,-0.926
0.385,-0.811,-1.053
0.382,-0.88,-1.18
0.391,-0.861,-1.174
0.398,-0.815,-1.105
0.431,-0.818,-0.974
0.474,-0.814,-0.837
0.452,-0.73,-0.773
0.358,-0.601,-0.83
0.244,-0.494,-0.896
0.165,-0.429,-0.894
0.172,-0.417,-0.874
0.211,-0.435,-0.922
0.265,-0.477,-0.963
0.311,-0.55,-1.058
0.332,-0.619,-1.144
0.378,-0.668,-1.207
0.416,-0.686,-1.22
0.456,-0.715,-1.205
0.504,-0.714,-1.145
0.552,-0.705,-1.093
0.585,-0.695,-1.057
0.598,-0.681,-1.05
0.603,-0.66,-1.051
0.619,-0.642,-1.034
0.636,-0.64,-0.99
0.657,-0.652,-0.921
0.656,-0.643,-0.85
0.638,-0.613,-0.808
0.623,-0.601,-0.793
0.583,-0.579,-0.786
0.526,-0.565,-0.796
0.506,-0.557,-0.841
0.499,-0.583,-0.914
0.497,-0.633,-0.972
0.49,-0.656,-0.994
0.483,-0.695,-0.981
0.48,-0.727,-0.927
0.468,-0.708,-0.854
0.458,-0.641,-0.782
0.467,-0.647,-0.751
0.47,-0.698,-0.718
0.463,-0.729,-0.629
0.436,-0.653,-0.554
0.404,-0.58,-0.543
0.36,-0.511,-0.554
0.344,-0.483,-0.555
0.333,-0.502,-0.55
0.337,-0.519,-0.529
0.345,-0.556,-0.505
0.35,-0.584,-0.499
0.354,-0.602,-0.496
0.368,-0.627,-0.486
0.385,-0.651,-0.469
0.388,-0.676,-0.453
0.39,-0.713,-0.427
0.389,-0.737,-0.373
0.386,-0.775,-0.33
0.385,-0.791,-0.21
0.386,-0.762,-0.088
0.388,-0.743,-0.013
0.346,-0.663,0.026
0.296,-0.614,0.051
0.235,-0.597,0.079
0.233,-0.603,0.095
0.249,-0.625,0.062
0.247,-0.66,0.05
0.237,-0.686,0.029
0.23,-0.708,0.035
0.215,-0.729,0.065
0.214,-0.747,0.107
0.221,-0.757,0.128
0.24,-0.777,0.163
0.253,-0.797,0.194
0.243,-0.81,0.222
0.21,-0.81,0.24
0.16,-0.803,0.308
0.136,-0.779,0.38
0.134,-0.692,0.465
0.134,-0.642,0.488
0.138,-0.602,0.497
0.143,-0.591,0.488
0.145,-0.585,0.471
0.146,-0.596,0.422
0.15,-0.61,0.365
0.122,-0.664,0.325
0.089,-0.683,0.313
0.06,-0.662,0.325
0.045,-0.648,0.372
0.048,-0.671,0.414
0.072,-0.712,0.561
0.102,-0.666,0.832
0.134,-0.61,0.984
0.173,-0.56,1.074
0.099,-0.515,0.951
0.015,-0.489,0.842
-0.043,-0.465,0.813
-0.045,-0.475,0.788
-0.012,-0.551,0.758
0.041,-0.592,0.664
-0.018,-0.594,0.57
-0.053,-0.602,0.544
-0.041,-0.605,0.733
-0.21,-0.827,1
-0.13,-0.827,1.118
-0.078,-0.744,1.2
-0.01,-0.666,1.193
-0.059,-0.547,1.167
-0.124,-0.433,1.158
-0.191,-0.375,1.129
-0.227,-0.332,1.086
-0.245,-0.35,1.009
-0.233,-0.376,0.984
-0.185,-0.416,0.96
-0.125,-0.472,0.94
-0.049,-0.522,0.895
-0.021,-0.582,0.861
-0.03,-0.631,0.839
-0.054,-0.642,0.85
-0.073,-0.638,0.872
-0.072,-0.618,0.897
-0.061,-0.597,0.933
-0.033,-0.558,0.961
-0.065,-0.566,0.947
-0.09,-0.543,0.927
-0.102,-0.493,0.907
-0.1,-0.471,0.891
-0.08,-0.471,0.861
-0.063,-0.491,0.815
-0.05,-0.546,0.781
-0.05,-0.572,0.768
-0.051,-0.591,0.782
-0.053,-0.609,0.81
-0.041,-0.626,0.873
-0.011,-0.625,0.938
0.001,-0.597,0.976
-0.026,-0.543,0.967
-0.072,-0.511,0.936
-0.086,-0.477,0.901
-0.077,-0.477,0.864
-0.06,-0.499,0.841
-0.057,-0.507,0.826
-0.06,-0.525,0.82
-0.064,-0.53,0.846
-0.049,-0.566,0.9
-0.027,-0.592,0.911
-0.021,-0.59,0.9
-0.03,-0.565,0.888
-0.043,-0.536,0.865
-0.057,-0.498,0.852
-0.056,-0.488,0.851
-0.048,-0.493,0.856
-0.032,-0.5,0.847
-0.025,-0.504,0.824
-0.027,-0.512,0.802
-0.027,-0.515,0.795
-0.035,-0.501,0.79
-0.039,-0.496,0.787
-0.05,-0.498,0.788
-0.057,-0.498,0.795
-0.059,-0.502,0.82
-0.053,-0.526,0.842
-0.053,-0.55,0.883
-0.053,-0.551,0.905
-0.055,-0.545,0.909
-0.066,-0.514,0.904
-0.069,-0.493,0.894
-0.079,-0.486,0.883
-0.079,-0.487,0.875
-0.067,-0.495,0.87
-0.059,-0.51,0.864
-0.037,-0.526,0.853
-0.033,-0.537,0.849
-0.034,-0.533,0.84
-0.037,-0.527,0.83
-0.037,-0.513,0.823
-0.038,-0.51,0.819
-0.037,-0.512,0.828
-0.032,-0.513,0.844
-0.021,-0.521,0.856
-0.009,-0.536,0.862
-0.006,-0.549,0.865
-0.005,-0.561,0.862
-0.01,-0.576,0.86
-0.008,-0.579,0.868
-0.005,-0.557,0.87
-0.01,-0.518,0.856
-0.021,-0.506,0.83
-0.034,-0.51,0.813
-0.039,-0.529,0.81
-0.04,-0.55,0.8
-0.039,-0.567,0.805
-0.037,-0.58,0.826
-0.039,-0.574,0.854
-0.039,-0.557,0.876
-0.038,-0.532,0.911
-0.039,-0.501,0.918
-0.046,-0.465,0.915
-0.053,-0.418,0.892
-0.061,-0.415,0.854
-0.061,-0.419,0.832
-0.06,-0.445,0.819
-0.053,-0.483,0.813
-0.044,-0.519,0.803
-0.036,-0.556,0.816
-0.031,-0.557,0.833
-0.034,-0.563,0.833
-0.033,-0.577,0.857
-0.043,-0.576,0.888
-0.052,-0.54,0.915
-0.065,-0.543,0.917
0.014,-0.687,0.904
0.094,-0.749,0.871
0.104,-0.736,0.863
0.084,-0.698,0.851
0.047,-0.62,0.839
0,-0.582,0.824
-0.024,-0.564,0.8
-0.033,-0.579,0.811
-0.018,-0.582,0.854
-0.001,-0.572,0.882
-0.014,-0.588,0.85
0.46,-0.958,-0.498
0.356,-0.833,-0.593
0.245,-0.659,-0.692
0.141,-0.427,-0.852
0.224,-0.223,-0.931
0.24,-0.173,-0.904
0.194,-0.232,-0.892
0.291,-0.299,-0.892
0.344,-0.435,-0.959
0.363,-0.61,-1.016
0.421,-0.727,-0.963
0.546,-0.805,-0.866
0.586,-0.894,-0.865
0.55,-0.886,-0.969
0.467,-0.781,-1.065
0.381,-0.65,-1.099
0.341,-0.562,-1.076
0.376,-0.586,-1.018
0.408,-0.623,-0.998
0.427,-0.632,-1.032
0.453,-0.637,-1.057
0.479,-0.649,-1.033
0.514,-0.663,-0.886
0.555,-0.678,-0.947
0.624,-0.735,-0.91
0.665,-0.793,-0.858
0.699,-0.842,-0.8
0.713,-0.865,-0.758
0.671,-0.829,-0.75
0.5,-0.749,-0.766
0.559,-0.708,-0.806
0.496,-0.649,-0.822
0.442,-0.597,-0.822
0.417,-0.594,-0.802
0.411,-0.623,-0.751
0.437,-0.693,-0.688
0.454,-0.712,-0.616
0.48,-0.709,-0.471
0.5,-0.69,-0.356
0.503,-0.681,-0.314
0.5,-0.686,-0.288
0.506,-0.689,-0.272
0.516,-0.696,-0.286
0.513,-0.704,-0.305
0.5,-0.719,-0.315
0.5,-0.711,-0.318
0.498,-0.686,-0.36
0.487,-0.667,-0.422
0.471,-0.685,-0.489
0.454,-0.714,-0.485
0.444,-0.732,-0.447
0.442,-0.729,-0.374
0.447,-0.732,-0.26
0.458,-0.731,-0.102
0.466,-0.717,0.059
0.485,-0.721,0.202
0.506,-0.75,0.33
0.489,-0.769,0.425
0.438,-0.735,0.463
0.361,-0.633,0.427
0.286,-0.598,0.362
0.216,-0.529,0.323
0.181,-0.512,0.244
0.173,-0.526,0.155
0.185,-0.556,0.001
0.195,-0.625,-0.075
0.195,-0.655,-0.068
0.205,-0.712,0.025
0.231,-0.725,0.092
0.281,-0.722,0.241
0.336,-0.722,0.447
0.371,-0.748,0.575
0.381,-0.794,0.708
0.37,-0.813,0.812
0.347,-0.775,0.848
0.303,-0.703,0.877
0.262,-0.599,0.838
0.165,-0.54,0.758
0.069,-0.443,0.679
0.012,-0.379,0.645
-0.002,-0.363,0.586
-0.004,-0.379,0.532
0.046,-0.5,0.462
0.093,-0.599,0.319
0.106,-0.711,0.255
0.068,-0.733,0.271
0.053,-0.715,0.366
0.081,-0.676,0.615
0.138,-0.643,0.824
0.203,-0.621,1.075
0.231,-0.622,1.3
0.12,-0.543,1.14
0.041,-0.508,1.101
-0.026,-0.455,1.075
-0.058,-0.401,1.012
-0.097,-0.376,0.938
-0.116,-0.387,0.877
-0.093,-0.437,0.807
-0.035,-0.508,0.729
-0.018,-0.589,0.646
0.019,-0.65,0.612
0.031,-0.693,0.658
0.031,-0.71,0.742
0.038,-0.682,0.855
0.061,-0.645,1.03
0.081,-0.634,1.109
0.105,-0.626,1.216
0.06,-0.521,1.242
0.024,-0.538,1.193
-0.037,-0.526,1.146
-0.111,-0.479,1.122
-0.146,-0.426,1.078
-0.157,-0.4,1.038
-0.144,-0.424,1.008
-0.101,-0.499,0.963
-0.09,-0.557,0.928
-0.07,-0.606,0.876
-0.057,-0.634,0.859
-0.05,-0.642,0.842
0.418,-0.524,-1.11
0.523,-0.598,-1.073
0.592,-0.624,-1.014
0.747,-0.656,-0.982
0.643,-0.673,-1.016
0.615,-0.652,-1.086
0.549,-0.624,-1.144
0.53,-0.578,-1.14
0.519,-0.55,-1.145
0.51,-0.56,-1.177
0.505,-0.588,-1.17
0.518,-0.637,-1.127
0.533,-0.644,-1.101
0.539,-0.661,-1.07
0.543,-0.675,-1.019
0.532,-0.671,-0.937
0.513,-0.643,-0.855
0.48,-0.599,-0.83
0.461,-0.601,-0.816
0.457,-0.608,-0.8
0.461,-0.598,-0.799
0.459,-0.591,-0.828
0.447,-0.594,-0.866
0.442,-0.598,-0.9
0.441,-0.611,-0.92
0.45,-0.622,-0.887
0.473,-0.646,-0.821
0.507,-0.673,-0.731
0.537,-0.693,-0.71
0.543,-0.719,-0.714
0.539,-0.775,-0.712
0.537,-0.813,-0.681
0.505,-0.788,-0.631
0.46,-0.731,-0.59
0.42,-0.661,-0.503
0.356,-0.59,-0.441
0.305,-0.53,-0.418
0.268,-0.485,-0.421
0.256,-0.469,-0.439
0.272,-0.502,-0.451
0.316,-0.52,-0.499
0.354,-0.583,-0.581
0.373,-0.658,-0.649
0.393,-0.723,-0.653
0.425,-0.764,-0.609
0.457,-0.781,-0.521
0.512,-0.812,-0.464
0.548,-0.844,-0.372
0.586,-0.887,-0.32
0.594,-0.907,-0.204
0.577,-0.763,-0.006
0.549,-0.823,0.108
0.505,-0.706,0.159
0.427,-0.633,0.146
0.384,-0.586,0.053
0.317,-0.608,-0.035
0.258,-0.682,-0.143
0.243,-0.72,-0.208
0.206,-0.756,-0.245
0.178,-0.772,-0.199
0.184,-0.799,-0.089
0.247,-0.804,0.024
0.294,-0.81,0.159
0.344,-0.833,0.232
0.363,-0.872,0.304
0.355,-0.89,0.412
0.294,-0.817,0.479
0.251,-0.699,0.529
0.199,-0.628,0.521
0.183,-0.579,0.443
0.143,-0.585,0.371
0.098,-0.613,0.325
0.079,-0.642,0.301
0.056,-0.653,0.282
0.046,-0.662,0.277
0.031,-0.64,0.28
-0.02,-0.601,0.285
-0.041,-0.584,0.381
-0.012,-0.588,0.506
-0.005,-0.586,0.605
0.026,-0.565,0.834
0.118,-0.574,0.977
0.103,-0.599,0.976
0.085,-0.614,0.965
0.072,-0.649,1.085
0.077,-0.655,1.156
0.045,-0.59,1.137
-0.019,-0.462,0.993
-0.105,-0.395,0.84
-0.146,-0.364,0.793
-0.193,-0.362,0.696
-0.202,-0.386,0.669
-0.194,-0.45,0.704
-0.143,-0.534,0.773
-0.023,-0.632,0.969
0.023,-0.605,1.173
0.071,-0.566,1.304
0.096,-0.604,1.318
0.08,-0.637,1.297
0.054,-0.639,1.292
0.043,-0.64,1.276
0.028,-0.639,1.236
-0.004,-0.622,1.15
-0.028,-0.579,1.099
-0.045,-0.563,1.047
-0.03,-0.57,0.971
-0.022,-0.591,0.923
-0.009,-0.62,0.876
0.002,-0.65,0.871
0.009,-0.66,0.893
0.014,-0.663,0.923
0.007,-0.653,0.938
-0.014,-0.616,0.97
-0.015,-0.604,0.976
-0.02,-0.603,0.971
-0.02,-0.613,0.961
-0.021,-0.626,0.947
-0.04,-0.629,0.935
-0.047,-0.619,0.914
0.582,-0.659,-0.902
0.565,-0.726,-0.9
0.484,-0.623,-0.937
0.352,-0.505,-1.038
0.263,-0.427,-1.134
0.129,-0.38,-1.182
0.05,-0.303,-1.182
0.098,-0.191,-1.113
0.185,-0.041,-1.016
0.281,-0.012,-1.015
0.285,-0.022,-1.016
0.241,-0.079,-1.08
0.242,-0.126,-1.131
0.258,-0.153,-1.127
0.265,-0.177,-1.124
0.309,-0.193,-1.122
0.314,-0.208,-1.15
0.294,-0.243,-1.222
0.279,-0.347,-1.309
0.442,-0.652,-1.279
0.435,-0.699,-1.296
0.386,-0.666,-1.361
0.317,-0.598,-1.36
0.244,-0.494,-1.308
0.248,-0.427,-1.137
0.256,-0.399,-1.013
0.261,-0.357,-0.944
0.221,-0.287,-0.954
0.2,-0.267,-1.065
0.202,-0.275,-1.232
0.228,-0.314,-1.177
0.247,-0.335,-1.246
0.286,-0.38,-1.317
0.324,-0.414,-1.36
0.358,-0.457,-1.364
0.498,-0.486,-1.343
0.403,-0.494,-1.281
0.446,-0.485,-1.198
0.474,-0.482,-1.166
0.485,-0.48,-1.124
0.499,-0.482,-1.067
0.514,-0.5,-1.133
0.481,-0.555,-1.169
0.501,-0.628,-1.041
0.538,-0.689,-0.869
0.565,-0.644,-0.634
0.509,-0.485,-0.579
0.437,-0.386,-0.587
0.349,-0.318,-0.648
0.308,-0.304,-0.716
0.243,-0.331,-0.75
0.241,-0.37,-0.745
0.26,-0.389,-0.737
0.293,-0.414,-0.748
0.322,-0.434,-0.812
0.345,-0.462,-0.92
0.371,-0.542,-0.961
0.391,-0.598,-0.95
0.431,-0.651,-0.891
0.484,-0.692,-0.796
0.531,-0.708,-0.702
0.57,-0.715,-0.54
0.584,-0.7,-0.411
0.572,-0.626,-0.217
0.53,-0.553,-0.18
0.452,-0.452,-0.325
0.371,-0.427,-0.368
0.304,-0.436,-0.342
0.304,-0.513,-0.355
0.318,-0.59,-0.418
0.355,-0.654,-0.448
0.383,-0.745,-0.454
0.401,-0.771,-0.374
0.439,-0.75,-0.293
0.456,-0.714,-0.171
0.47,-0.688,-0.081
0.487,-0.697,0.029
0.479,-0.731,0.149
0.448,-0.724,0.212
0.412,-0.661,0.302
0.356,-0.523,0.329
0.308,-0.463,0.289
0.242,-0.44,0.257
0.23,-0.476,0.178
0.243,-0.56,0.089
0.252,-0.711,-0.031
0.228,-0.793,-0.057
0.22,-0.819,0.045
0.242,-0.786,0.168
0.252,-0.726,0.341
0.272,-0.672,0.445
0.301,-0.673,0.554
0.277,-0.653,0.691
0.215,-0.611,0.736
0.173,-0.548,0.733
0.114,-0.48,0.702
0.083,-0.433,0.659
0.029,-0.426,0.627
-0.011,-0.45,0.591
-0.005,-0.496,0.485
0.027,-0.542,0.373
0.026,-0.593,0.212
0.011,-0.671,0.197
0.013,-0.696,0.309
0.026,-0.605,0.481
0.201,-0.583,0.964
0.185,-0.575,1.023
0.149,-0.527,1.088
0.133,-0.531,1.139
0.142,-0.574,1.271
0.122,-0.527,1.316
0.052,-0.46,1.287
0.012,-0.476,1.142
-0.043,-0.485,1.046
-0.062,-0.509,0.871
-0.091,-0.544,0.741
-0.118,-0.567,0.629
-0.163,-0.58,0.656
-0.142,-0.557,0.883
-0.102,-0.844,1.496
0.087,-0.919,1.612
0.169,-0.775,1.59
-0.006,-0.577,1.479
-0.141,-0.418,1.149
-0.283,-0.427,0.87
-0.264,-0.523,0.739
-0.222,-0.636,0.702
-0.088,-0.807,0.811
-0.077,-0.677,0.876
-0.124,-0.589,0.85
-0.16,-0.494,0.808
-0.188,-0.471,0.781
-0.178,-0.491,0.78
-0.161,-0.526,0.784
-0.142,-0.568,0.81
-0.109,-0.578,0.846
-0.093,-0.575,0.868
-0.083,-0.566,0.882
-0.068,-0.563,0.887
-0.065,-0.56,0.883
-0.071,-0.558,0.863
-0.085,-0.549,0.849
-0.089,-0.54,0.859
-0.065,-0.542,0.875
-0.061,-0.552,0.883
-0.082,-0.549,0.883
-0.096,-0.522,0.846
-0.101,-0.517,0.817
-0.087,-0.535,0.83
-0.067,-0.55,0.863
-0.055,-0.554,0.865
-0.056,-0.556,0.842
-0.056,-0.556,0.812
-0.058,-0.551,0.801
-0.056,-0.548,0.796
-0.05,-0.553,0.781
-0.039,-0.562,0.775
-0.031,-0.577,0.795
-0.029,-0.574,0.817
-0.023,-0.573,0.832
-0.027,-0.561,0.834
-0.046,-0.54,0.808
-0.052,-0.541,0.796
-0.047,-0.548,0.798
-0.049,-0.552,0.811
-0.053,-0.547,0.811
-0.049,-0.556,0.814
-0.04,-0.566,0.808
-0.033,-0.565,0.806
-0.033,-0.562,0.809
-0.035,-0.555,0.815
-0.046,-0.542,0.822
-0.056,-0.533,0.814
-0.059,-0.549,0.805
-0.04,-0.582,0.809
-0.028,-0.595,0.816
-0.038,-0.585,0.827
-0.056,-0.555,0.847
-0.067,-0.525,0.852
-0.069,-0.519,0.856
-0.071,-0.529,0.861
-0.064,-0.549,0.863
-0.046,-0.567,0.858
-0.03,-0.585,0.831
-0.027,-0.598,0.824
-0.029,-0.593,0.818
-0.035,-0.57,0.828
-0.048,-0.556,0.841
-0.051,-0.548,0.845
-0.049,-0.554,0.84
-0.04,-0.576,0.828
-0.037,-0.592,0.81
-0.039,-0.591,0.826
-0.028,-0.574,0.852
-0.035,-0.567,0.857
-0.041,-0.561,0.843
-0.03,-0.568,0.822
-0.025,-0.587,0.796
-0.02,-0.596,0.793
-0.022,-0.592,0.802
-0.021,-0.582,0.806
-0.023,-0.577,0.812
-0.026,-0.574,0.821
-0.025,-0.576,0.832
-0.023,-0.575,0.845
-0.02,-0.586,0.845
-0.016,-0.6,0.846
-0.018,-0.607,0.851
-0.027,-0.595,0.851
-0.042,-0.579,0.836
-0.06,-0.554,0.828
-0.065,-0.545,0.824
-0.053,-0.556,0.83
-0.042,-0.584,0.82
-0.041,-0.594,0.81
-0.049,-0.584,0.807
-0.057,-0.558,0.803
-0.053,-0.549,0.79
-0.045,-0.555,0.788
-0.033,-0.582,0.793
-0.024,-0.6,0.831
-0.02,-0.599,0.846
-0.02,-0.582,0.862
-0.04,-0.563,0.853
-0.052,-0.556,0.833
-0.055,-0.559,0.83
-0.054,-0.572,0.837
-0.051,-0.581,0.841
-0.049,-0.585,0.847
-0.051,-0.582,0.854
-0.056,-0.567,0.849
-0.059,-0.559,0.838
-0.057,-0.564,0.824
-0.053,-0.575,0.809
-0.047,-0.599,0.813
-0.038,-0.605,0.83
-0.04,-0.602,0.859
-0.04,-0.585,0.857
-0.093,-0.539,1.435
-0.124,-0.519,1.475
-0.091,-0.549,1.543
-0.084,-0.55,1.554
-0.146,-0.5,1.554
-0.181,-0.405,1.529
-0.14,-0.356,1.281
-0.071,-0.426,1.082
-0.079,-0.573,0.758
-0.117,-0.632,0.629
-0.068,-0.684,0.72
0.029,-0.663,0.73
0.08,-0.63,0.634
0.101,-0.646,0.539
0.184,-0.778,0.561
0.274,-0.863,0.61
0.326,-0.892,0.61
0.343,-0.874,0.516
0.367,-0.853,0.488
0.291,-0.477,0.195
0.058,-0.557,-0.081
-0.114,-0.713,-0.569
0.028,-0.547,-0.428
0.09,-0.534,-0.413
0.144,-0.523,-0.371
0.246,-0.607,-0.245
0.344,-0.663,-0.185
0.427,-0.741,-0.205
0.511,-0.862,-0.159
0.536,-0.864,-0.148
0.443,-0.789,-0.221
0.362,-0.709,-0.304
0.248,-0.633,-0.371
0.074,-0.505,-0.538
-0.028,-0.472,-0.528
-0.017,-0.413,-0.449
0.043,-0.386,-0.384
0.121,-0.365,-0.368
0.206,-0.44,-0.343
0.322,-0.488,-0.357
0.465,-0.616,-0.374
0.65,-0.818,-0.321
0.83,-1.081,-0.331
0.696,-1.036,-0.434
0.506,-0.724,-0.59
0.242,-0.491,-0.632
0.132,-0.264,-0.627
0.028,-0.173,-0.626
0.033,-0.03,-0.671
0.088,-0.015,-0.705
0.177,-0.072,-0.73
0.243,-0.147,-0.797
0.333,-0.22,-0.844
0.431,-0.329,-0.849
0.686,-0.583,-0.732
0.765,-0.73,-0.68
0.757,-0.785,-0.802
0.55,-0.671,-1.012
0.388,-0.531,-1.036
0.269,-0.304,-0.971
0.19,-0.158,-0.936
0.055,-0.036,-1.013
-0.012,0.032,-1.03
0.045,-0.053,-1.013
0.246,-0.117,-0.939
0.325,-0.222,-1
0.353,-0.328,-1.093
0.408,-0.437,-1.179
0.426,-0.505,-1.322
0.409,-0.504,-1.409
0.382,-0.482,-1.422
0.359,-0.419,-1.448
0.325,-0.325,-1.484
0.263,-0.264,-1.502
0.25,-0.225,-1.455
0.244,-0.223,-1.344
0.252,-0.212,-1.257
0.269,-0.156,-1.191
0.276,-0.156,-1.22
0.283,-0.21,-1.267
0.331,-0.321,-1.264
0.406,-0.389,-1.258
0.442,-0.45,-1.297
0.453,-0.499,-1.346
0.462,-0.508,-1.348
0.454,-0.491,-1.336
0.436,-0.466,-1.325
0.421,-0.449,-1.328
0.414,-0.432,-1.334
0.403,-0.427,-1.355
0.38,-0.445,-1.369
0.371,-0.47,-1.309
0.376,-0.49,-1.202
0.391,-0.468,-0.954
0.367,-0.366,-0.845
0.292,-0.293,-0.803
0.263,-0.274,-0.778
0.26,-0.296,-0.785
0.282,-0.346,-0.833
0.326,-0.409,-0.913
0.374,-0.524,-0.94
0.397,-0.569,-0.935
0.423,-0.592,-0.911
0.45,-0.603,-0.885
0.466,-0.602,-0.843
0.486,-0.607,-0.782
0.485,-0.599,-0.756
0.459,-0.566,-0.66
0.434,-0.537,-0.561
0.412,-0.494,-0.497
0.38,-0.469,-0.442
0.348,-0.45,-0.358
0.316,-0.426,-0.292
0.322,-0.428,-0.255
0.372,-0.47,-0.235
0.417,-0.545,-0.219
0.43,-0.574,-0.245
0.434,-0.603,-0.339
0.43,-0.678,-0.376
0.487,-0.571,-1.093
0.542,-0.645,-1.11
0.578,-0.737,-1.128
0.517,-0.7,-1.169
0.382,-0.566,-1.192
0.141,-0.385,-1.384
0.087,-0.302,-1.392
0.09,-0.208,-1.365
0.161,-0.118,-1.237
0.237,-0.017,-1.261
0.19,-0.038,-1.284
0.215,-0.196,-1.321
0.226,-0.246,-1.29
0.3,-0.305,-1.195
0.329,-0.292,-1.205
0.325,-0.263,-1.262
0.297,-0.339,-1.329
0.285,-0.386,-1.341
0.306,-0.418,-1.316
0.386,-0.539,-1.272
0.418,-0.627,-1.249
0.395,-0.618,-1.255
0.325,-0.522,-1.28
0.29,-0.463,-1.27
0.281,-0.418,-1.221
0.292,-0.39,-1.089
0.298,-0.346,-1.059
0.29,-0.309,-1.043
0.275,-0.291,-1.069
0.257,-0.308,-1.082
0.258,-0.323,-1.077
0.287,-0.349,-1.09
0.298,-0.409,-1.149
0.329,-0.466,-1.159
0.381,-0.5,-1.105
0.39,-0.502,-1.11
0.357,-0.488,-1.105
0.334,-0.428,-1.088
0.325,-0.386,-1.12
0.285,-0.371,-1.157
0.246,-0.365,-1.143
0.281,-0.412,-1.089
0.323,-0.449,-0.931
0.362,-0.464,-0.784
0.386,-0.435,-0.678
0.392,-0.389,-0.659
0.369,-0.367,-0.712
0.333,-0.38,-0.747
0.317,-0.409,-0.801
0.303,-0.429,-0.828
0.322,-0.492,-0.839
0.349,-0.51,-0.846
0.342,-0.497,-0.878
0.324,-0.497,-0.9
0.291,-0.49,-0.9
0.276,-0.477,-0.894
0.285,-0.484,-0.876
0.292,-0.621,-0.849
0.322,-0.529,-0.811
0.37,-0.584,-0.745
0.458,-0.63,-0.672
0.534,-0.689,-0.471
0.542,-0.653,-0.263
0.508,-0.544,-0.211
0.46,-0.416,-0.251
0.4,-0.419,-0.347
0.312,-0.463,-0.448
0.287,-0.536,-0.513
0.283,-0.577,-0.527
0.33,-0.647,-0.522
0.482,-0.693,-0.532
0.386,-0.72,-0.56
0.377,-0.734,-0.553
0.364,-0.753,-0.529
0.343,-0.739,-0.452
0.331,-0.686,-0.351
0.322,-0.659,-0.253
0.353,-0.642,-0.205
0.421,-0.687,-0.101
0.46,-0.777,0.029
0.508,-0.819,0.125
0.489,-0.844,0.176
0.433,-0.754,0.254
0.377,-0.619,0.219
0.298,-0.554,0.203
0.233,-0.502,0.179
0.168,-0.521,0.088
0.147,-0.597,-0.04
0.137,-0.638,-0.153
0.149,-0.703,-0.244
0.168,-0.749,-0.286
0.224,-0.8,-0.245
0.253,-0.819,-0.15
0.313,-0.819,-0.049
0.351,-0.794,0.037
0.36,-0.758,0.072
0.362,-0.732,0.158
0.372,-0.858,0.22
0.398,-0.77,0.25
0.384,-0.788,0.296
0.333,-0.763,0.323
0.27,-0.699,0.331
0.188,-0.626,0.379
0.118,-0.478,0.433
0.046,-0.426,0.459
0.041,-0.476,0.4
0.097,-0.629,0.279
0.115,-0.752,0.299
0.146,-0.737,0.385
0.113,-0.63,0.525
0.098,-0.579,0.719
0.152,-0.59,0.933
0.188,-0.575,1.097
0.19,-0.548,1.179
0.161,-0.519,1.21
0.107,-0.456,1.17
0.036,-0.448,1.095
0.012,-0.474,1.046
-0.01,-0.514,1.006
0.167,-0.588,1.356
0.155,-0.475,1.449
0.112,-0.482,1.352
0.048,-0.5,1.261
0.046,-0.517,1.193
0.049,-0.553,1.162
0.055,-0.595,1.15
0.05,-0.576,1.123
0.037,-0.549,1.073
0.031,-0.551,0.954
0.032,-0.58,0.834
0.017,-0.609,0.773
-0.003,-0.599,0.787
0.001,-0.58,0.862
0.028,-0.549,0.985
0.038,-0.555,1.039
0.044,-0.581,1.035
0.042,-0.604,1.021
0.024,-0.602,1.021
0.003,-0.574,1.014
-0.014,-0.551,0.993
-0.026,-0.541,0.967
-0.02,-0.553,0.941
0.006,-0.567,0.873
0.015,-0.59,0.826
0.008,-0.595,0.796
-0.015,-0.573,0.818
-0.029,-0.545,0.888
-0.034,-0.501,0.921
-0.03,-0.501,0.915
-0.013,-0.549,0.918
0.008,-0.574,0.923
0.01,-0.576,0.927
0.008,-0.571,0.918
-0.005,-0.554,0.911
-0.016,-0.532,0.894
0.002,-0.539,0.896
0.02,-0.549,0.878
0.023,-0.563,0.868
0.021,-0.573,0.851
0.02,-0.576,0.858
0.024,-0.568,0.871
0.022,-0.535,0.875
0.017,-0.519,0.858
0.016,-0.513,0.833
0.024,-0.528,0.83
0.039,-0.552,0.87
0.053,-0.556,0.909
0.042,-0.536,0.912
0.02,-0.511,0.894
0.008,-0.501,0.87
0.007,-0.51,0.86
0.012,-0.515,0.852
0.021,-0.524,0.821
0.045,-0.544,0.814
0.058,-0.568,0.825
0.055,-0.565,0.837
0.05,-0.549,0.852
0.046,-0.541,0.86
0.042,-0.536,0.863
0.04,-0.535,0.854
0.039,-0.533,0.847
0.035,-0.531,0.832
0.033,-0.531,0.827
0.027,-0.519,0.819
0.028,-0.509,0.793
0.052,-0.538,0.762
0.063,-0.567,0.738
0.068,-0.594,0.754
0.061,-0.578,0.804
0.048,-0.53,0.842
0.025,-0.495,0.86
0.017,-0.498,0.861
0.02,-0.516,0.863
0.03,-0.542,0.849
0.024,-0.545,0.837
0.021,-0.54,0.827
0.028,-0.545,0.819
0.048,-0.559,0.809
0.056,-0.569,0.782
0.053,-0.581,0.781
0.047,-0.562,0.811
0.053,-0.545,0.848
0.073,-0.555,0.865
0.08,-0.572,0.886
0.065,-0.569,0.883
0.06,-0.552,0.87
0.045,-0.545,0.849
0.029,-0.536,0.836
0.024,-0.543,0.835
0.036,-0.565,0.856
0.041,-0.576,0.872
0.049,-0.578,0.884
0.054,-0.588,0.868
0.056,-0.589,0.838
0.056,-0.591,0.82
0.047,-0.591,0.816
0.039,-0.578,0.825
0.035,-0.552,0.837
0.032,-0.542,0.85
0.034,-0.544,0.852
0.042,-0.559,0.845
0.045,-0.577,0.848
0.036,-0.573,0.876
0.033,-0.557,0.889
0.037,-0.552,0.902
0.039,-0.554,0.895
0.033,-0.554,0.89
0.027,-0.557,0.873
0.021,-0.558,0.856
0.027,-0.554,0.849
0.037,-0.555,0.842
0.044,-0.565,0.835
0.042,-0.568,0.84
0.04,-0.561,0.845
0.033,-0.553,0.845
0.029,-0.552,0.835
0.027,-0.551,0.841
0.027,-0.55,0.847
